{"search time": 9.271488189697265e-06, "build time": 2.55149507522583, "store size": 13248693, "type": "BTree", "average error": 0.0}