{"search time": 7.652497291564941e-06, "build time": 0.18469786643981934, "store size": 1274167, "type": "BTree", "average error": 0.0}