{"search time": 9.588210582733155e-06, "build time": 2.4014880657196045, "store size": 13248896, "type": "BTree", "average error": 0.0}