{"search time": 3.119850158691406e-05, "build time": 22.01801609992981, "store size": 967, "type": "NN", "average error": 0.0829}