{"search time": 3.2464489936828615e-05, "build time": 16.966938972473145, "store size": 874, "type": "NN", "average error": 0.20225}