{"search time": 6.607202768325806e-05, "build time": 31.714271068572998, "store size": 47056, "type": "NN", "average error": 0.23092}