{"search time": 3.620206117630005e-05, "build time": 45.43188786506653, "store size": 3740403, "type": "NN", "average error": 4.40497}