{"search time": 9.239819049835205e-06, "build time": 2.6077959537506104, "store size": 13528305, "type": "BTree", "average error": 0.0}